src_tx,kind,token,from,to,amount
0x2f2b0f45609bcd5ffd823fbf1887142a62aa209f03a1db200e44af60d06c3b99,native_value,BNB,0xa77e24fe29d16e051e487ef4ea7b056cb05aef76,0x663dc15d3c1ac63ff12e45ab68fea3f0a883c251,0.005
0x2f2b0f45609bcd5ffd823fbf1887142a62aa209f03a1db200e44af60d06c3b99,out,USDT,0xa77e24fe29d16e051e487ef4ea7b056cb05aef76,0x663dc15d3c1ac63ff12e45ab68fea3f0a883c251,100003.485773474636530201
0x23fce58e28878ec95e16ca0c38043f248e6a0cb2b1410345ad7c6d2add162843,native_value,BNB,0xa77e24fe29d16e051e487ef4ea7b056cb05aef76,0x663dc15d3c1ac63ff12e45ab68fea3f0a883c251,0.005
0x23fce58e28878ec95e16ca0c38043f248e6a0cb2b1410345ad7c6d2add162843,out,USDT,0xa77e24fe29d16e051e487ef4ea7b056cb05aef76,0x663dc15d3c1ac63ff12e45ab68fea3f0a883c251,100003.480004258997251743
0x0a8f247b3606553b7cfc12206e19b0c0983ac586a73e5d06ef2d63a4b97e62af,native_value,BNB,0xa77e24fe29d16e051e487ef4ea7b056cb05aef76,0x663dc15d3c1ac63ff12e45ab68fea3f0a883c251,0.005
0x0a8f247b3606553b7cfc12206e19b0c0983ac586a73e5d06ef2d63a4b97e62af,out,USDT,0xa77e24fe29d16e051e487ef4ea7b056cb05aef76,0x663dc15d3c1ac63ff12e45ab68fea3f0a883c251,100003.475399097155823552
0xb3f870c7d217283a3e7f742b7f82373bf33057822a8f944d483eabd663f1ee3f,native_value,BNB,0xa77e24fe29d16e051e487ef4ea7b056cb05aef76,0x663dc15d3c1ac63ff12e45ab68fea3f0a883c251,0.005
0xb3f870c7d217283a3e7f742b7f82373bf33057822a8f944d483eabd663f1ee3f,out,USDT,0xa77e24fe29d16e051e487ef4ea7b056cb05aef76,0x663dc15d3c1ac63ff12e45ab68fea3f0a883c251,100003.511394371772995375
0xfa12bfc97faa90d025a141d1b7f0184b57e1cf0ad2dde275df1acb6cc2a62b5e,native_value,BNB,0xa77e24fe29d16e051e487ef4ea7b056cb05aef76,0x663dc15d3c1ac63ff12e45ab68fea3f0a883c251,0.005
0xfa12bfc97faa90d025a141d1b7f0184b57e1cf0ad2dde275df1acb6cc2a62b5e,out,USDT,0xa77e24fe29d16e051e487ef4ea7b056cb05aef76,0x663dc15d3c1ac63ff12e45ab68fea3f0a883c251,100003.51882095188715239
0x9e4d9a5f4af709b28e7bfd0de80ba5fdf93bfbaa6c2be84dfdb01f6acffae521,native_value,BNB,0xa77e24fe29d16e051e487ef4ea7b056cb05aef76,0x663dc15d3c1ac63ff12e45ab68fea3f0a883c251,0.005
0x9e4d9a5f4af709b28e7bfd0de80ba5fdf93bfbaa6c2be84dfdb01f6acffae521,out,USDT,0xa77e24fe29d16e051e487ef4ea7b056cb05aef76,0x663dc15d3c1ac63ff12e45ab68fea3f0a883c251,52744.257277661354403902
0x44888e81ce15e6506b8453700fb0c1458402aee62d3422338db393bb06d2f830,native_value,BNB,0xa77e24fe29d16e051e487ef4ea7b056cb05aef76,0x663dc15d3c1ac63ff12e45ab68fea3f0a883c251,208.965512918296943083
