protocol,id,time,src_chain,src_address,src_asset,src_amount,src_tx,dst_chain,dst_address,dst_asset,dst_amount,dst_tx,status,queried_as
Relay,0x179024090080f2d431db650f35611cf935dfc30f1708c0dc48d0b8b733ebe6a0,2026-09-24T09:08:23,tron,TAvraZZFCZbDSZoyqWWRRsBkFgZqKaCGbK,TRX,100000.0,54735f9f0ce15fdc9828407c7cc17b81ff31febd75c116249a6ca7095084ec8a,ethereum,0xa77e24fe29d16e051e487ef4ea7b056cb05aef76,ETH,12.692142877109741029,0x7959a99dd87cdd66ef597c30d7550464608a24b230ac0d942cc352125b6a1cf0,success,0xa77e24fe29d16e051e487ef4ea7b056cb05aef76
Relay,0x1790240971c0bfd195b27aeb85a950cbd1aeb69db0d9a32a7716525e52778eb3,2026-09-24T09:09:33,tron,TAvraZZFCZbDSZoyqWWRRsBkFgZqKaCGbK,TRX,100000.0,f8b2df54c8d332797f9628453d5ac10c9adc6c8a7a76ae9c394666b59509c639,ethereum,0xa77e24fe29d16e051e487ef4ea7b056cb05aef76,ETH,12.684811745333272189,0x1586cefc728e4dc11bbc3a52cc8b76920780e9884e71fee8648a2813d9bda0b1,success,0xa77e24fe29d16e051e487ef4ea7b056cb05aef76
Relay,0x17902410027e65638a3385068e09c7073dbf3ae13b178f71dfcdfdccaaf48f52,2026-09-24T09:10:04,tron,TAvraZZFCZbDSZoyqWWRRsBkFgZqKaCGbK,TRX,100000.0,492fed7f913d80634bfd215f8076034a179860614744f754087192dd703dfc8c,ethereum,0xa77e24fe29d16e051e487ef4ea7b056cb05aef76,ETH,12.688524938416901972,0x5170082f4e9a9ad986c819fc3ad74ad74075056edd67b6d37b5b13429e1cd2fb,success,0xa77e24fe29d16e051e487ef4ea7b056cb05aef76
Relay,0x1790241139004d1b9c719f5d976f9573f9dba0b995d10061bd3b28001d59aa72,2026-09-24T09:12:21,tron,TAvraZZFCZbDSZoyqWWRRsBkFgZqKaCGbK,TRX,100000.0,13fd416d889b67a532704d8364f3e3e37886d58ca1bf6fafe699c7758393ee1d,ethereum,0xa77e24fe29d16e051e487ef4ea7b056cb05aef76,ETH,12.703792167450979432,0x7060d1517b7c9b2a24a60548e9cfb715fb225d3b8955bff61e930ab8477261e0,success,0xa77e24fe29d16e051e487ef4ea7b056cb05aef76
Relay,0x17902411875c2982d1345730376cf21fba7a11bb13ae33dd18dbbcdd527a979b,2026-09-24T09:13:09,tron,TAvraZZFCZbDSZoyqWWRRsBkFgZqKaCGbK,TRX,100000.0,735d4ccdfa2b0cfe830b147a2f99ec1180ac2b1fbabab4d3db8d3cac70ab34cf,ethereum,0xa77e24fe29d16e051e487ef4ea7b056cb05aef76,ETH,12.696279238878918909,0x28513e0d8e59429526c13c9405d386eb34b00e4eab3510def27130714c0e2221,success,0xa77e24fe29d16e051e487ef4ea7b056cb05aef76
Relay,0x1790241262b3c46e818f545d98eea7d5e449843a3c886c938635263813fc6623,2026-09-24T09:14:24,tron,TAvraZZFCZbDSZoyqWWRRsBkFgZqKaCGbK,TRX,100000.0,c9f29f69d85bc0e17c23d6d14879802cf22079518fbf9834a859a093337a9a95,ethereum,0xa77e24fe29d16e051e487ef4ea7b056cb05aef76,ETH,12.697904565449300529,0x7b16712ee200250418aace18fafbd3e62aa99d30f4d7b105255308d450cb9c63,success,0xa77e24fe29d16e051e487ef4ea7b056cb05aef76
Relay,0x179024136297acc1ec5662919a55471549358180e965b749290612a0a7ebe312,2026-09-24T09:16:05,tron,TAvraZZFCZbDSZoyqWWRRsBkFgZqKaCGbK,TRX,100000.0,0ff20106bd1f955d2a1c2d5be727bf4f0cf86e36d830164d7c115733d247fd4b,ethereum,0xa77e24fe29d16e051e487ef4ea7b056cb05aef76,ETH,12.711209468698506897,0xcb2a6e590edbbaeeb1ce0e90ec70436ee67aa163d8a957f02612f5707a02a250,success,0xa77e24fe29d16e051e487ef4ea7b056cb05aef76
Relay,0x17902414189ae6c0d7ca610dd1ed1e838b9dcedff70332379468590ee9632676,2026-09-24T09:17:00,tron,TAvraZZFCZbDSZoyqWWRRsBkFgZqKaCGbK,TRX,100000.0,330e8640c11d717733268c37cccbe4d22306de86e9d97c2741f46eda0e869a3d,ethereum,0xa77e24fe29d16e051e487ef4ea7b056cb05aef76,ETH,12.742998997954000744,0x9099a4307828c5bc5dcce56828440d58f244f1527b3a24e6c408c28226ada04d,success,0xa77e24fe29d16e051e487ef4ea7b056cb05aef76
Relay,0x17902414921cd0157ae0b982cd73983714c17acb85c6499d5e2915fcf524cf31,2026-09-24T09:18:13,tron,TAvraZZFCZbDSZoyqWWRRsBkFgZqKaCGbK,TRX,100000.0,2798405bdc32eeb4ff5ff001afc465dc465a1e991d68f643affbcfa6df4d392d,ethereum,0xa77e24fe29d16e051e487ef4ea7b056cb05aef76,ETH,12.746796895160177871,0x24e89f7caab02967ccc4c4ab195d68b2c03c32917f424309813abac168c4eab1,success,0xa77e24fe29d16e051e487ef4ea7b056cb05aef76
Relay,0x179024156248e1d2b2e95a26b5b28134a44d0ad5f550a1e0df6dcc85a00acf09,2026-09-24T09:19:24,tron,TAvraZZFCZbDSZoyqWWRRsBkFgZqKaCGbK,TRX,100000.0,38f81b051ff2be91ab31e5300c15bb3c51379447bff99a98aced1f5fe65b1c5d,ethereum,0xa77e24fe29d16e051e487ef4ea7b056cb05aef76,ETH,12.712954472538570852,0xb2e1c8e1e451af6049f1db82b4a96d0c464acc4f4b84989e8d913e6b99f69f37,success,0xa77e24fe29d16e051e487ef4ea7b056cb05aef76
Relay,0x1790241598941d449b573b5110f362f6054a897943f92f603e0989e3268c5df3,2026-09-24T09:20:01,tron,TAvraZZFCZbDSZoyqWWRRsBkFgZqKaCGbK,TRX,120000.0,5923d5bcd8292008e6e710e129bf7230d7850d1cdda5cab718bc5b2f70dd62d5,ethereum,0xa77e24fe29d16e051e487ef4ea7b056cb05aef76,ETH,15.232400764348127255,0xd0fc83c183fc79ed7122e1e71c772000ba9ef75b22025d4521666dba05778c2f,success,0xa77e24fe29d16e051e487ef4ea7b056cb05aef76
Relay,0x1790241663ec2cc573d49a4544d658e7a11c90c60e79578241a4ad7d105c5d83,2026-09-24T09:21:05,tron,TAvraZZFCZbDSZoyqWWRRsBkFgZqKaCGbK,TRX,100000.0,308ccf3da8efcb00b703ab6afd2c3d85ef411ebe3688b96b69f0c9b6c9fe5ef1,ethereum,0xa77e24fe29d16e051e487ef4ea7b056cb05aef76,ETH,12.716270072211337751,0xf06c4afac3aa30f15364e50627e2ff0e998b83a28e178c004b9a08826641bde0,success,0xa77e24fe29d16e051e487ef4ea7b056cb05aef76
Relay,0x17902417128a163eae007bb34e54e9a395cd0457b1529e90618a47573b7c3743,2026-09-24T09:21:53,tron,TAvraZZFCZbDSZoyqWWRRsBkFgZqKaCGbK,TRX,100000.0,c5515f7635651445e6ade02a2b6d92490049a22383259155c58fb0a3230f2f02,ethereum,0xa77e24fe29d16e051e487ef4ea7b056cb05aef76,ETH,12.708207845441797244,0xf585da1bd2cac48844d7d609d27ff9599959182866e4b56e28de3781b5a3240e,success,0xa77e24fe29d16e051e487ef4ea7b056cb05aef76
Relay,0x17902417445cfc45380eb09c2723212b2c27abe518ab9f870333a11df0276025,2026-09-24T09:22:26,tron,TAvraZZFCZbDSZoyqWWRRsBkFgZqKaCGbK,TRX,100000.0,3a1432ccd692a23ddb5be6508d24fa4782e2a979937e4b280ee5b2c799f140e1,ethereum,0xa77e24fe29d16e051e487ef4ea7b056cb05aef76,ETH,12.697261746857810271,0xa417625a712461b74ff4a5e256f54982cb8f6d8177825a6f7f13af14721a5a88,success,0xa77e24fe29d16e051e487ef4ea7b056cb05aef76
Relay,0x1790241798d6586a9a8fe356616b3187d863734e7842b72a3c4c36f0381f0c0d,2026-09-24T09:23:20,tron,TAvraZZFCZbDSZoyqWWRRsBkFgZqKaCGbK,TRX,100000.0,8762cf2608861a7c63fb0b4fb5003fb3a0fa28e3b9727d1903d9b8d32b7975e2,ethereum,0xa77e24fe29d16e051e487ef4ea7b056cb05aef76,ETH,12.703632944036326445,0xa7a9fd70f61aa6da81a718b0f88576825f20d0c9846156e279f6dd7507fe7e80,success,0xa77e24fe29d16e051e487ef4ea7b056cb05aef76
Relay,0x179024202630c9cadd111765fa8a47db6a9e6d79731e314ebbfc16d29c1f7960,2026-09-24T09:27:14,792703809,A3EBrhMBEGzcPgmbwywSPhW39G6PFGrorU8ib99T6yKw,SOL,100.0,3fsjnvAQ7uroruZ328xZZqyA4cQFFq1pfhZ6taaQs8PmqpiWefxjvohHeGAphyZXHq3Q9mUE7X9qwiVUkUx6Wd3D,ethereum,0xb5909f3539fe2733866bbde2d3ffca5c6292ebbf,ETH,4.247084646417207209,0x0c0a15447fba9074ba80b72d56b48da665b065c33eae7327213b5746d484b563,success,0xb5909f3539fe2733866bbde2d3ffca5c6292ebbf
Relay,0x179024206764ae3e7a59d310714d2efa2bee165f718db3870ec4e84b21f92fed,2026-09-24T09:27:49,tron,TAvraZZFCZbDSZoyqWWRRsBkFgZqKaCGbK,TRX,69000.0,247549fee48c856b9993fe625e8533d4214bc7443b87c4aa111975bc02ce9ade,ethereum,0xa77e24fe29d16e051e487ef4ea7b056cb05aef76,ETH,8.786421639052870771,0xbae7da253ca316fe3e4084c55eb68a35f3c63707175a1c37ef6f84649c432d5b,success,0xa77e24fe29d16e051e487ef4ea7b056cb05aef76
Relay,0x1790242069136dfc35b110d01599e34207698f9f139a1fed4a01b1902ea5617d,2026-09-24T09:28:00,792703809,A3EBrhMBEGzcPgmbwywSPhW39G6PFGrorU8ib99T6yKw,SOL,200.0,5EprdmHW4LBFBUFSqaUQwbJA94seEd5VpMEftxBXTAy7AFaCTDuxS1yvbRZ84JnxaZcWfzsjGPmTzRpmt28R3piw,ethereum,0xb5909f3539fe2733866bbde2d3ffca5c6292ebbf,ETH,8.491064122338814061,0xc4b429b72668f17724a388dcb84e2fd8c40e9378c06ef8f758befd32dda568ba,success,0xb5909f3539fe2733866bbde2d3ffca5c6292ebbf
Relay,0x1790242100afc3a8e09ddc3a5aabd3f99237b34613c766a46057624f092f1ab8,2026-09-24T09:28:27,792703809,A3EBrhMBEGzcPgmbwywSPhW39G6PFGrorU8ib99T6yKw,SOL,500.0,5c1jVVsR7BVjKFFffmenydmxTrJ9WH4VusvPdvSfhu4Fp9imSzwSyjgJMhHwT4WJekJcCRH2dAPQSKd3aRny5r72,ethereum,0xb5909f3539fe2733866bbde2d3ffca5c6292ebbf,ETH,21.22138628532633654,0x0ca201772b61c3787d16c223c4a14ce5e888a60101561c36161212a600db0d27,success,0xb5909f3539fe2733866bbde2d3ffca5c6292ebbf
Relay,0x179024212586fb53baa694c0652961985cdcdc60a9e584ad4d32ac37063a32d1,2026-09-24T09:28:53,792703809,A3EBrhMBEGzcPgmbwywSPhW39G6PFGrorU8ib99T6yKw,SOL,1000.0,5b8TmPbgoFv86UVKUj9d9CL1sm9aQvhsR4Ljj4Es5RYnte6KLYQTqsbBjPaAA5HpggK58RuA4frkh1ZUepv1ZTgj,ethereum,0xb5909f3539fe2733866bbde2d3ffca5c6292ebbf,ETH,42.426018545043784418,0x8ce3062ef6f68a8f00c73f5d9821d2b110535818b17856f9ef1f223a9bb8cd5e,success,0xb5909f3539fe2733866bbde2d3ffca5c6292ebbf
Relay,0x17902421500790eea82d9d91de0935b3a690876d0ac8a6d3bf09acf10cafc79b,2026-09-24T09:29:18,792703809,A3EBrhMBEGzcPgmbwywSPhW39G6PFGrorU8ib99T6yKw,SOL,1500.0,4o2AnMh6xuWcgbABYmG7zBb9AF3Jt3bkfoZfJjiBUurWQfWSQ7wbZUh6mGxpPdKkGFBCohArC1YnTPz7TgkqUxiq,ethereum,0xb5909f3539fe2733866bbde2d3ffca5c6292ebbf,ETH,63.619784240256634781,0x963750a16e3ad9b27108e6681860111d085044c9d50195b38f8e7bda2396110a,success,0xb5909f3539fe2733866bbde2d3ffca5c6292ebbf
Relay,0x17902424907895937109bf69f2697dfad5ad50813709b6821c4d8b930904b59e,2026-09-24T09:35:47,ethereum,0xA77e24Fe29d16E051e487ef4Ea7b056cb05aef76,USDT,10000.0,0x13a973501af2d141cf735a2a090de3318b01332ab110622f62fe7f239224e642,ethereum,0xa77e24fe29d16e051e487ef4ea7b056cb05aef76,ETH,3.782536687913723426,,success,0xa77e24fe29d16e051e487ef4ea7b056cb05aef76
Relay,0x1790242567573dedc350a67efe7748020d2536d382743a74182230545fa6f7c1,2026-09-24T09:37:11,ethereum,0xA77e24Fe29d16E051e487ef4Ea7b056cb05aef76,USDT,100000.0,0xf2576b1a8e00c920f43ff60e8b19103bb70570b229001bb63faac622e6923001,ethereum,0xa77e24fe29d16e051e487ef4ea7b056cb05aef76,ETH,37.768422914475076941,,success,0xa77e24fe29d16e051e487ef4ea7b056cb05aef76
Relay,0x1790242641a078a8a5c7fa84b6e794f115d9405ecd653714967fcb04ec1b3dab,2026-09-24T09:37:35,ethereum,0xA77e24Fe29d16E051e487ef4Ea7b056cb05aef76,USDT,100000.0,0x51b738365fcca49173ed57b6f48018740cba158e2fef4712d6815e70cd93f42d,ethereum,0xa77e24fe29d16e051e487ef4ea7b056cb05aef76,ETH,37.756597660899532836,,success,0xa77e24fe29d16e051e487ef4ea7b056cb05aef76
Relay,0x17902426676531bf3f4727d07ffeb1e75aee200bf01412ddeea1b47c4e1f3f6f,2026-09-24T09:37:59,ethereum,0xA77e24Fe29d16E051e487ef4Ea7b056cb05aef76,USDT,100000.0,0x3ff80a3186409c14f6efe4cb9f816d28cd68b6450fb73629fe545b4e41e17b16,ethereum,0xa77e24fe29d16e051e487ef4ea7b056cb05aef76,ETH,37.753013481828982398,,success,0xa77e24fe29d16e051e487ef4ea7b056cb05aef76
Relay,0x17902427006e3b0fe06db603233065a71291aec1c9d7fa368cf0cab44b0ca61b,2026-09-24T09:38:35,ethereum,0xA77e24Fe29d16E051e487ef4Ea7b056cb05aef76,USDT,100000.0,0x3540de200e27de03199d24c9962b7ef75a7fed85364c9e8cc91255ede52906f3,ethereum,0xa77e24fe29d16e051e487ef4ea7b056cb05aef76,ETH,37.774044509252807552,,success,0xa77e24fe29d16e051e487ef4ea7b056cb05aef76
Relay,0x17902427246f8393c59765db18e9fc249c1ff7d381fb26f78f3789c65dbe1737,2026-09-24T09:38:59,ethereum,0xA77e24Fe29d16E051e487ef4Ea7b056cb05aef76,USDT,100000.0,0x5fe7c3b2e2fe2f9abd43c4086c4477eeb2fe4aea529ce23f0a3a11859ed534e0,ethereum,0xa77e24fe29d16e051e487ef4ea7b056cb05aef76,ETH,37.797427991918443731,,success,0xa77e24fe29d16e051e487ef4ea7b056cb05aef76
Relay,0x179024275062c3ba6f0d5c304182d59fb21773189eb48b64824d516e7658e5c6,2026-09-24T09:39:35,ethereum,0xA77e24Fe29d16E051e487ef4Ea7b056cb05aef76,USDT,83346.888966,0xa5db4e33e36b158a856da3819a5038e92bfbde0689a592d6aa14c68aab248850,ethereum,0xa77e24fe29d16e051e487ef4ea7b056cb05aef76,ETH,31.47337243685951883,,success,0xa77e24fe29d16e051e487ef4ea7b056cb05aef76
Relay,0x1790242803462705eef253b798c51e7bbd6ce6f1de457601f8fbd7c7572574c3,2026-09-24T09:40:08,792703809,A3EBrhMBEGzcPgmbwywSPhW39G6PFGrorU8ib99T6yKw,SOL,219.18383379,tJM82s41gEorkdczwPkkpXUSuC4QLEvz2Rd2eNa3hXvnFhP9xKjfVm6SPX3qHRtsSrSkEgRC9bA1Cm5erDx1jR3,ethereum,0xb5909F3539FE2733866BbdE2d3FfCA5c6292eBBF,ETH,9.32522632815664454,0xab06a93a928555d5900ed378fcf40b7e948b783d790b34906a92342e58232e78,success,0xb5909f3539fe2733866bbde2d3ffca5c6292ebbf
Relay,0x1790243746951b3b872b6543f7f6d53719ab24075eea5f6e692b3c3ad9650750,2026-09-24T09:55:54,792703809,A3EBrhMBEGzcPgmbwywSPhW39G6PFGrorU8ib99T6yKw,SOL,9.420664915,5RpPNPCGCvr7UQ5rDd5v9sRhFrWeNdSkzKvgXLUVQ8wDfmWmm9PBQJxFDUQRQ7rewH7jG3FRjWLunsfEH9WwGVKp,ethereum,0xb5909f3539fe2733866bbde2d3ffca5c6292ebbf,ETH,0.401066802502096736,0xe785fa5fbe612bc67ebae369381979dca74a9f429abfea2faed59b000bee3e1c,success,0xb5909f3539fe2733866bbde2d3ffca5c6292ebbf
