protocol,id,time,src_chain,src_address,src_asset,src_amount,src_tx,dst_chain,dst_address,dst_asset,dst_amount,dst_tx,status
deBridge,0x1aac7967619f07ebaa914807a5372a9741a9b7e09b3707fa8f321b4e408007e9,2026-09-24T09:14:04,bnb,0xa77e24fe29d16e051e487ef4ea7b056cb05aef76,ETH,37.420436511631960817,0x2f2b0f45609bcd5ffd823fbf1887142a62aa209f03a1db200e44af60d06c3b99,ethereum,0xa77e24fe29d16e051e487ef4ea7b056cb05aef76,ETH,37.404167042499053741,0xec624f7e38a59e9813d53686201057f581197c943495eb83b547635545734420,ClaimedUnlock
deBridge,0xb142a2cd365fc65d1ea6d3ffbbb354077f856855aa1a03a825c614fee8c78892,2026-09-24T09:18:04,bnb,0xa77e24fe29d16e051e487ef4ea7b056cb05aef76,ETH,37.46141746370937534,0x23fce58e28878ec95e16ca0c38043f248e6a0cb2b1410345ad7c6d2add162843,ethereum,0xa77e24fe29d16e051e487ef4ea7b056cb05aef76,ETH,37.445132246947483363,0x9c0b4a5164c08e040df8062b546dc6c3b191c3663b1ee7ffce24cbf6766a070b,ClaimedUnlock
deBridge,0x1874862ef95a3b23ff5c0ef62f2d9487822bb89f91d68f5e4a547d8caa7398ef,2026-09-24T09:19:17,bnb,0xa77e24fe29d16e051e487ef4ea7b056cb05aef76,ETH,37.466042127934550801,0x0a8f247b3606553b7cfc12206e19b0c0983ac586a73e5d06ef2d63a4b97e62af,ethereum,0xa77e24fe29d16e051e487ef4ea7b056cb05aef76,ETH,37.449756293327090524,0x3a74f502ab30ae8b63bdca40acf567ea02b27fbab1d6de5dbe17c10b57a6226f,ClaimedUnlock
deBridge,0xa3a10cbb752de82f8219af6b42402ae041b64ce99d4003714a1da5c25dd16fe3,2026-09-24T09:20:42,bnb,0xa77e24fe29d16e051e487ef4ea7b056cb05aef76,ETH,37.436326911905775249,0xb3f870c7d217283a3e7f742b7f82373bf33057822a8f944d483eabd663f1ee3f,ethereum,0xa77e24fe29d16e051e487ef4ea7b056cb05aef76,ETH,37.420040288936928764,0xf8708726bfe26da8ffffd7c0ab22ef51425b491020d224a4ffa5521dd5690eeb,ClaimedUnlock
deBridge,0xef46de1e060e6cde1aa8907a1b0ed024cdc3f7dc835f3fd6d2dbaa57bcf96230,2026-09-24T09:22:16,bnb,0xa77e24fe29d16e051e487ef4ea7b056cb05aef76,ETH,37.445237153244531397,0xfa12bfc97faa90d025a141d1b7f0184b57e1cf0ad2dde275df1acb6cc2a62b5e,ethereum,0xa77e24fe29d16e051e487ef4ea7b056cb05aef76,ETH,37.428944874216713022,0x2a4c0ee05d2ab1f031d07d9786a9f417f395ab5e0e4855d89abeabfb7261fa5b,ClaimedUnlock
deBridge,0xfc9b1123b0fc72f184eb98f804d9de9dea920097410f65be7b314dd00cb37091,2026-09-24T09:23:07,bnb,0xa77e24fe29d16e051e487ef4ea7b056cb05aef76,ETH,19.772541600607507915,0x9e4d9a5f4af709b28e7bfd0de80ba5fdf93bfbaa6c2be84dfdb01f6acffae521,ethereum,0xa77e24fe29d16e051e487ef4ea7b056cb05aef76,ETH,19.763475493892433281,0x4b3398ce505afd8e5788317b7590764b3f7ce05c53736affe77af684bc73ade5,ClaimedUnlock
deBridge,0x259179348d10d91047b8b4d1d945af36567cae5e73afa5fc7277e5ea92ba47b0,2026-09-24T09:23:43,bnb,0xa77e24fe29d16e051e487ef4ea7b056cb05aef76,ETH,56.581694111319506154,0x44888e81ce15e6506b8453700fb0c1458402aee62d3422338db393bb06d2f830,ethereum,0xa77e24fe29d16e051e487ef4ea7b056cb05aef76,ETH,56.557748675939112151,0xd09102d4d040bd7429be6f4aba72e075c884b35b275fa39e524236717ce6325f,ClaimedUnlock
deBridge,0x775ce7ce67c2d99efda18476b1d1058351786aea305a9f0fcb74506467308a4e,2026-09-24T09:12:23,solana,A3EBrhMBEGzcPgmbwywSPhW39G6PFGrorU8ib99T6yKw,USDC,1130.936455,4AfpwWaNiaieR1k96JLErvoWWbeNpvjjbBUfVdwstU7bBf623XcWmwifUH5eqKgJfVVRiD3sKRY58w8i4QUvDdHA,ethereum,0xb5909f3539fe2733866bbde2d3ffca5c6292ebbf,ETH,0.421605268579401984,0x2113058772588715233548353072f1565a6b6074dfe6f4a655d5a2889996778b,ClaimedUnlock
deBridge,0x6dc9821f492ba402e5c02ea38e898725b106066b2b6ca980f4b00e404db4cc5b,2026-09-24T09:17:06,solana,A3EBrhMBEGzcPgmbwywSPhW39G6PFGrorU8ib99T6yKw,USDC,112484.823581,3CWAj26QDPmvN7CwDsQU5FU6W7xBha3ajvt2g5oNDHSH9XX28weLGi7wpUbRKyV3XWnrSGqxLuCAksjTe9hWPhCo,ethereum,0xb5909f3539fe2733866bbde2d3ffca5c6292ebbf,ETH,42.136359401656392612,0xa4f18310b8d301e6f5ac27853ae302778bbca6094e334556e6a943ff8a5952ad,ClaimedUnlock
deBridge,0x8c3bc0425b0929b6d99d0e517ea64002e971ba4c13c218f36abdd41ce61950b8,2026-09-24T09:18:18,solana,A3EBrhMBEGzcPgmbwywSPhW39G6PFGrorU8ib99T6yKw,USDC,393590.046886,5EnnDXVxkPjoCGgi1gNREn7BUntE6pdHka7zRXMdsJujAANCxcvLSM6DnpdJ64VXTmR9mi8H71GdGbQEx8uk9fmB,ethereum,0xb5909f3539fe2733866bbde2d3ffca5c6292ebbf,ETH,147.379389512752489476,0xb5be5959d85d1c8f78431fdb5c20e587aa5a093ff0a5db3a66d9ef8a82c92546,ClaimedUnlock
deBridge,0xadfbaaf687d6f4b28e9fdc0d6a55e05e2e2f3d18262500cdc66f3737e33dc22a,2026-09-24T09:38:52,solana,A3EBrhMBEGzcPgmbwywSPhW39G6PFGrorU8ib99T6yKw,USDC,168038.993177,4TWhXjrrxDQeZJY1XukJKcTotw934obzMZ3vb8WL1pjysAUzbyHzjN5p3prGU8A48pjw5yu8FJch6bAHBJWEFtsc,ethereum,0xb5909f3539fe2733866bbde2d3ffca5c6292ebbf,ETH,62.949636339910799937,0xb4b0a72806d63efde7441812d0629ae19552a15a3fb3c0230544d7293e7c1588,ClaimedUnlock
